event_id,group_id,name,time
243930425,26140018,2017 Nashville Walk to End Alzheimers - October 14th,14-10-2017 12:00
244208851,25604533,Steak Dinner on the Patio,15-10-2017 00:15
pxlktnywnbfb,25973656,Schedule Meetup,03-10-2017 23:30
244444551,18571126,"Happy Hour Wednesday, Jonathan's Green Hills, Oct. 25",25-10-2017 22:30
244257722,18571126,"Happy Hour Wednesday, Brentwood, Oct. 18",18-10-2017 22:30
243997614,18571126,"Cocktails at the Top, Brentwood ",12-10-2017 23:30
243711748,18571126,Happy Hour Wednesday ,28-09-2017 00:00
243587675,18571126,Tennessee Craft Fair on Sunday Afternoon 9/24,24-09-2017 18:00
243026202,18571126,3rd Weds. Lunch mixer at O'Charleys,20-09-2017 16:30
243475377,18571126,Trivia Night at Plantation Pub,19-09-2017 23:00
243026119,18571126,1st Tuesday Ladies Lunch at Chili's Bellevue,05-09-2017 16:30
242392448,18571126,Ladies Lunch at O'Charley'­s on Thursday,24-08-2017 16:30
241886029,18571126,3rd Weds. Networking Lunch Mixer at O'Charleys,16-08-2017 16:30
241730271,18571126,Lunch Mixer at O'Charley'­s on Thursday July 20,20-07-2017 16:30
240193613,18571126,Ladies Lunch Social at O'Charley'­s on Thursday June 1,01-06-2017 18:00
239944117,18571126,Cocktails & Networking at the Top May 17,17-05-2017 23:30
238479980,18571126,Ladies Lunch in Bellevue March 23 at 1 pm,23-03-2017 18:00
237736080,18571126,Ladies Lunch Feb. 16 at 1 pm,16-02-2017 19:00
234178292,18571126,Happy Hour Wednesdays at Jonathan's in Bellevue,19-10-2016 23:00
234008415,18571126,Happy Hour Wednesdays at Jonathan's in Bellevue Sept. 21,21-09-2016 23:00
233855117,18571126,Happy Hour Wednesdays at Jonathan's in Bellevue,07-09-2016 23:00
233579762,18571126,"Easy Beginner's Hike at Edwin Warner, Sun. 6:30",28-08-2016 23:30
233579670,18571126,Happy Hour Wednesday at Hilton Garden Inn Aug. 24,24-08-2016 22:30
233476897,18571126,"Easy Beginner's Hike at Edwin Warner, Sun. 6:30",21-08-2016 23:30
233235249,18571126,Happy Hour Wednesday at Hilton Garden Inn Aug. 10,10-08-2016 22:30
232668583,18571126,Networking Happy Hour at Hilton Garden Inn in Brentwood July 20,20-07-2016 22:30
232642712,18571126,Entrepreneurship in the 21st Century,16-07-2016 22:00
232543768,18571126,Networking Happy Hour at Hilton Garden Inn in Brentwood July 13,13-07-2016 22:30
231460443,18571126,"Skincare Workshop at Lotus Blooming Yoga in Bellevue, Sun, June 19",19-06-2016 19:00
231912692,18571126,Happy Hour Tonight!,15-06-2016 22:30
231274089,18571126,Lunch Mixer Thursday May 26,26-05-2016 18:00
231104506,18571126,Tennessee Ren Fest Saturday May 21,21-05-2016 14:30
231090426,18571126,Networking Happy Hour at Hilton Garden Inn in Brentwood May 18,18-05-2016 22:30
230900387,18571126,Lunch Mixer Thursday May 12,12-05-2016 18:00
230972361,18571126,Networking Happy Hour at Hilton Garden Inn in Brentwood May 11,11-05-2016 22:30
230934372,18571126,Just for Fun: Tennessee Ren Fest Saturday May 7,07-05-2016 14:30
239499597,18821254,The Basics of cloud Computing,28-06-2017 15:00
239945716,18821254,Carnegie Writers/Green Hills Library,24-06-2017 20:00
236180427,18821254,Wired Senior Workshop,19-01-2017 00:00
233471167,18821254,Wired Senior Workshop,27-10-2016 23:00
233830558,18821254,"Consider ""storytelling by resume""?",19-09-2016 13:00
232878772,18821254,Work on your LinkedIn Profile,08-08-2016 12:00
231005223,18821254,"""iPhoneBasics""",07-06-2016 16:30
230056380,18821254,Journaling/Blogging/Podcasting CraftContent 2016,09-04-2016 14:00
227618948,18821254,Communicating in The 21st Century,17-03-2016 23:00
227618936,18821254,Communicating in The 21st Century,01-03-2016 16:00
227044616,18821254,Communicating in The 21st Century,03-02-2016 00:30
226349699,18821254,Talk about the five steps to create a successful podcast,03-11-2015 01:00
244446326,20586888,"Happy Hour Wednesday, Jonathan's Green Hills, Oct. 25",25-10-2017 22:30
244262821,20586888,"Happy Hour Wednesday, Brentwood, Oct. 18",18-10-2017 22:30
243988264,20586888,Wine Down Thursday in Brentwood,12-10-2017 23:30
243869312,20586888,"Wine Down Thursday, Murfreesboro",05-10-2017 22:00
243711769,20586888,Happy Hour Wednesday ,28-09-2017 00:00
243240368,20586888,3rd Weds. Lunch mixer at O'Charleys,20-09-2017 16:30
243075137,20586888,1st Tuesday Ladies Lunch at Chili's Bellevue,05-09-2017 16:30
242775576,20586888,Lunch Mixer at O'Charley'­s on Thursday,24-08-2017 16:30
241779221,20586888,Networking Lunch at O'Charley'­­s Bellevue Thursday July 20,21-07-2017 04:30
240191942,20586888,"Ladies Lunch Social at O'Charley's Bellevue on Thursday, June 1",01-06-2017 18:00
240041511,20586888,Cocktails & Networking at the Top May 17,17-05-2017 23:30
234867689,20586888,****Meet me at the Business Boutique (2-day event)****,04-11-2016 13:30
234847818,20586888,First meet up *** Happy Hour***,26-10-2016 23:00
nvrmwnywnbzb,26290037,Come to this FREE meeting to learn more about our Digital Currency Software,20-10-2017
zmrsvnywnbkb,25924179,Schedule a Meetup,07-10-2017 22:00
243717563,26069682,Join the Essential Oil Journey (Evening Hours!),10-10-2017 23:00
zjjbvnywnbmb,26069682,Join The Essential Oil Journey,09-10-2017 15:00
243649886,24924087,Franklin/Nashville Parental Alienation Support,26-10-2017 23:30
242809790,24924087,Franklin/Nashville Parental Alienation Support,21-09-2017 23:30
242094947,24924087,Franklin/Nashville Parental Alienation Support,24-08-2017 23:30
241556640,24924087,Franklin/Nashville Parental Alienation Support,27-07-2017 23:30
240463114,24107423,Saturday June 3rd First Meetup For Witch's United,03-06-2017 16:00
pjpnwnywnbwb,26296592,Bring your business cards and be ready to tell about yourself,18-10-2017
thpnwnywnbwb,26296592,Bring your business cards and be ready to tell about yourself,18-10-2017
243191812,25828941,WORKSHOP EXCLUSIVELY FOR WOMEN: How Not to Run Out of Money in Retirement,10-10-2017 23:30
244176688,26207526,We're on!  Our first meetup opportunity is here!,16-10-2017 23:15
244260247,24811380,Free Music Day @ Schermerhorn!,21-10-2017 17:00
243952541,24811380,Southern Festival of Books,13-10-2017 17:00
242620496,24811380,Volunteer Opportunity @ Southern Festival of Books,30-09-2017 17:00
243534371,24811380,Kenny Loggins at Nashville Symphony,30-09-2017 00:00
241622756,24811380,Solar Eclipse Viewing Party & Festival @ Adventure Science Center,21-08-2017 15:00
242493691,24811380,"Flash Movie ""Girls Trip""",13-08-2017 20:00
241622468,24811380,Marigolds Author Coffee & Conversation @ The Avenue,29-07-2017 18:00
241361103,24811380,Lunch @ Salsa Puerto Rican and Latin Cuisine in the Gulch,22-07-2017 19:00
240244969,23972116,The Great Meeting,01-06-2017 17:00
nwnntnywnbgc,25996638,Tuesday Meeting,24-10-2017 12:00
cjvbwnywnbgc,25996638,Tuesday Networking,24-10-2017 12:00
nwnntnywnbwb,25996638,Tuesday Meeting,17-10-2017 12:00
cjvbwnywnbwb,25996638,Tuesday Networking,17-10-2017 12:00
nwnntnywnbnb,25996638,Tuesday Meeting,10-10-2017 12:00
nwnntnywnbfb,25996638,Tuesday Meeting,03-10-2017 12:00
zwgntnywnbjc,25988957,Motivate and support other diabetics on their path to greater well-being.,27-10-2017
zwgntnywnbzb,25988957,Motivate and support other diabetics on their path to greater well-being.,20-10-2017
241215543,24750651,Tennessee Brew Works- first meeting!,19-07-2017 00:30
244479480,26282355,Moss Wright Park Meetup,28-10-2017 12:30
244293547,26282355,Moss Right Park,21-10-2017 13:00
244246979,26282355,Moss Right Park,17-10-2017 23:00
241173421,23968092,Picnic and Hack at Old Stone Fort,08-07-2017 18:00
240970877,23968092,Farm and Trivia,28-06-2017 23:00
244441929,25707458,Baby Wearing and Stroller (off road) Hike,24-10-2017 15:00
243852102,25707458,Baby Wearing Hike 10/3,03-10-2017 15:00
243658466,25707458,Baby Wearing Group Hike ,26-09-2017 15:00
243468926,25707458,Wed 9/20 Baby Wearing Group Hike,20-09-2017 15:00
242971373,25707458,Denise Vaughn's Baby Wearing Group Hike,06-09-2017 15:00
233512149,20337962,An Evening of Grace and Conversation,10-09-2016
243739470,26079417,Nashville IIBA 2017 Professional Day - Game Changer,25-10-2017 13:00
wnbpkmywnbkc,21651228,"Create  music, video , graphics content for stereo vison.",27-10-2017 22:00
wnbpkmywmbmc,21651228,"Create  music, video , graphics content for stereo vison.",29-09-2017 22:00
wnbpkmywlbhc,21651228,"Create  music, video , graphics content for stereo vison.",25-08-2017 22:00
wnbpkmywkblc,21651228,"Create  music, video , graphics content for stereo vison.",28-07-2017 22:00
wnbpkmywjbnc,21651228,"Create  music, video , graphics content for stereo vison.",30-06-2017 22:00
wnbpkmywhbjc,21651228,"Create  music, video , graphics content.",26-05-2017 22:00
wnbpkmywgblc,21651228,"Create  music, video , graphics content for stereo vison.",28-04-2017 22:00
wnbpkmywfbpc,21651228,"Create  music, video , graphics content for stereo vision.",31-03-2017 22:00
wnbpkmywfbgb,21651228,Communicate  your audatious  and unique ideas to me in advance.,04-03-2017 18:00
wnbpkmywdbgb,21651228,Communicate  your audatious  A/V  music performance  ideas.,04-02-2017 18:00
243942299,26159186,Transplant meet up with cocktails,14-10-2017 23:00
244492876,25856788,Edwin Warner Park then Lunch!,29-10-2017 15:30
244322390,25856788,Saturday Afternoon Ride!,21-10-2017 20:00
243916863,25856788,First ride this Friday! (supposed to rain on the weekend),06-10-2017 15:30
243406210,25718653,How To Keep Hookah In Nashville,30-09-2017
243637412,25718653,HooKaH HeAdS UniTe!,30-09-2017
243392954,25718653,HooKaH HeAdS UniTe!,16-09-2017
243190553,25718653,Hookah heads First Meet Up.,15-09-2017
244125517,21245706,Introduction to the Landmark Forum,14-10-2017 19:00
242338932,21245706,Transform Tennessee River Valley Get Together,12-08-2017 21:00
237142654,21245706,1st Meetup,01-02-2017 01:00
238411140,21390741,Brews to beat the Brewers,15-04-2017 17:00
237329385,21390741,Catchers and Pitchers Report!.... Spring Training 1st Game,25-02-2017 18:00
237162810,21390741,Reds Caravan 2017,27-01-2017 23:30
241401020,24860224,Exploration into Foster Care,03-08-2017 23:30
243132124,25717087,Let's Meet! ,12-10-2017 18:00
240296962,24034447,AIP Community Meeting and Potluck,17-06-2017 16:00
243775803,25115699,Let's Get Started!  Looking Forward to our First Official Meetup!,23-10-2017 23:30
fqspvnywnbhc,26090658,Grace Business Networking Group,25-10-2017 13:00
fqspvnywnbxb,26090658,Come to Networking meeting 8:00 AM to Network your business,18-10-2017 13:00
fqspvnywnbpb,26090658,Grace Business Networking Group,11-10-2017 13:00
sddfvnywnbgb,26090658,Grace Business Networking Group,04-10-2017 13:00
242797674,19496778,Let's meet up to support each other and our children with LD/Dyslexia.,23-09-2017 14:00
242797792,19496778,Let's walk to raise awareness of LD/Dyslexia,17-09-2017 18:00
241687663,19496778,Let's meet up to support each other and our children with LD/Dyslexia.,15-07-2017 14:00
237706084,19496778,Let's meet up to support each other and our children with LD/Dyslexia.,13-05-2017 14:00
237706071,19496778,POSTPONED DUE TO WEATHER: LD/Dyslexia.,11-03-2017 15:00
234477354,19496778,January Support Group,21-01-2017 15:00
234477303,19496778,November Support Group,19-11-2016 15:00
233258817,19496778,Let's meetup and hear how it's going...,17-09-2016 14:00
231336995,19496778,Popsicles on the Playground - Family Event,05-06-2016 20:00
229127997,19496778,Winding down the school year - what's your plan for next year?,23-04-2016 14:00
228613265,19496778,Let's meet up to support each other and our children with dyslexia.,27-02-2016 15:00
244583263,24446290,11th session- Family,28-10-2017 20:00
244321194,24446290,10th session- know thyself,21-10-2017 20:00
244164027,24446290,Study session- Obsession,14-10-2017 20:00
243970739,24446290,Study session-Mediumship,07-10-2017 19:45
243748598,24446290,Discussion on the plurality of the worlds,30-09-2017 20:00
243524770,24446290,Discussion on discarnation (passing away),23-09-2017 20:00
243336901,24446290,Reincarnation discussion,16-09-2017 20:00
242958789,24446290,"5th session- Spirit, perispirit and the body",09-09-2017 20:00
242730785,24446290,4th session- Spiritism and Allan Kardec,26-08-2017 21:00
242575017,24446290,3rd session- Jesus- please send me a message inbox so I can send you the chapter,19-08-2017 21:00
242363462,24446290,Meeting #2- God- Please send me your email inbox so I can send you the 1st chptr,12-08-2017 21:00
240769837,24446290,UPDATE!!Introducing Spiritism with members from the Charlotte Spiritist Center,06-08-2017 15:30
243488298,25972489,Meetup Lunch,03-10-2017 17:00
242926475,25694482,Meet and greet..Just us service providers sharing ideas and tips,20-09-2017 21:00
fpndtnywnbcc,24556869,FALL SEASON III GUILD BALL LEAGUE,21-10-2017 05:00
fpndtnywnbwb,24556869,FALL SEASON III GUILD BALL LEAGUE,17-10-2017 05:00
fpndtnywnbsb,24556869,FALL SEASON III GUILD BALL LEAGUE,14-10-2017 05:00
fpndtnywnbnb,24556869,FALL SEASON III GUILD BALL LEAGUE,10-10-2017 05:00
243396218,24556869,Wrath of Kings: Conquest of Kings Tournament,07-10-2017 17:00
fpndtnywnbkb,24556869,FALL SEASON III GUILD BALL LEAGUE,07-10-2017 05:00
fpndtnywnbfb,24556869,FALL SEASON III GUILD BALL LEAGUE,03-10-2017 05:00
fpndtnywmbnc,24556869,FALL SEASON III GUILD BALL LEAGUE,30-09-2017 05:00
fpndtnywmbjc,24556869,FALL SEASON III GUILD BALL LEAGUE,26-09-2017 05:00
fpndtnywmbhc,24556869,FALL SEASON III GUILD BALL LEAGUE,25-09-2017 05:00
240964986,24556869,Wrath of Kings July 2017 Week 4,22-07-2017 20:00
240964840,24556869,Wrath of Kings July 2017 Week 3,15-07-2017 20:00
240964642,24556869,Wrath of Kings July 2017 Week 2,08-07-2017 20:00
mxrcjnywkbgb,24556869,GC2 - Guild Ball Summer League 2017 (5-Weeks),04-07-2017 23:00
240919794,24556869,Wrath of Kings Demo,01-07-2017 20:00
mxrcjnywjbkc,24556869,GC2 - Guild Ball Summer League 2017 (5-Weeks),27-06-2017 23:00
mxrcjnywjbbc,24556869,GC2 - Guild Ball Summer League 2017 (5-Weeks),20-06-2017 23:00
227267904,18914937,SaltConf16,19-04-2016 13:00
244073127,25903892,Day of the Dead Face Painting,15-10-2017 19:00
243626790,25903892,Nashville's 38th Annual Oktoberfest Parade and Beer Festival,07-10-2017 17:30
243627655,25903892,Lunch at Gerst Haus,07-10-2017 16:00
243635917,25903892,Day of the Dead Face Painting Techniques,01-10-2017 19:00
243560370,25903892,"Coffee First, then Let's Get Costumes at Performance Studios",30-09-2017 15:00
229367987,18672773,"Is the Holy Spirit the key to ""COEXIST"" becoming a reality?",19-03-2016 19:00
228826479,18672773,Is Christian Unity good for the poor?,20-02-2016 21:00
228372137,18672773,"""All Things are Possible with God""",06-02-2016 20:00
cfjfjlyvcbnc,18672773,Topic to be announced,30-01-2016 20:00
228200220,18672773,With God ALL THINGS ARE POSSIBLE!!!,23-01-2016 20:00
cfjfjlyvcbvb,18672773,Topic to be announced,16-01-2016 20:00
227760340,18672773,Fate vs. Faith in determining the future,09-01-2016 20:00
cfjfjlytqbzb,18672773,Topic to be announced,19-12-2015 20:00
cfjfjlytqbhb,18672773,IS God Really Love?,05-12-2015 20:00
226440187,18672773,Is Eternal Hell Real?,14-11-2015 20:00
cfjfjlytpbkb,18672773,Topic to be announced,07-11-2015 20:00
238241648,20822884,"Meetup for iOS equipped,  skilled (at least basic) #RESIST AV producers",15-03-2017 00:00
235000790,20822884,Lets gets started ASAP! Before election day? November 7th?,08-11-2016 01:00
240006875,22288842,Family Picnic at Bellevue Red Caboose Park,20-05-2017 17:00
238501010,22288842,Join Us for Hiking in Edwin Warner Park~,26-03-2017 19:00
243301208,25885346,Achilles Nashville Hope & Possibility 5 Miler and 1 Mile Run,21-10-2017 13:00
237681964,20573895,CANADIAN ROCKIES GOLF SAVE $200 WITH EARLY BOOKING dbl ocpy,06-08-2017 00:00
234642222,20573895,Join us for an awesome Travel and Golf Adventure in the Canadian Rockies August,05-08-2017 19:00
242467613,25105164,Nashville Urban Planning October Meet Up,07-10-2017 15:00
hvbxpnywnbkb,25105164,Nashville Urban Planning October Meet-Up,07-10-2017 15:00
hvbxpnywmbdb,25105164,Nashville Urban Planning September Meet-Up,02-09-2017 15:00
241965014,25105164,Monthly Meet-Up to discuss urban planning and new construction in Nashville.,05-08-2017 15:00
243040831,25590123,Home Buyer Seminar,26-09-2017 23:30
242759624,25590123,Home Buyer Seminar ,29-08-2017 23:30
240485098,23040833,Obit movie at the Belcourt,08-06-2017 23:00
238779646,23040833,Death Cafe Meeting,27-04-2017 23:00
244334721,10032122,Nail Your Theses! The next 500 years of Christianity...,24-10-2017
241901625,10032122,Solar Eclipse After-Party,22-08-2017
240835965,10032122,Amish on Mars: will faith pioneer the final frontier?,21-07-2017
240662909,10032122,Siri & the Soulwhat does A.I. tell us about being human?,16-06-2017
239206676,10032122,"Technological Immortality, Life Extension & Christianity",12-05-2017
238840255,10032122,Can Science & Religion work together to Create a Better Future?,14-04-2017
233091851,18964683,Introduction to Nonprofits/Grantwriting,08-09-2016 19:00
232729387,18964683,Basics of Starting and Sustaining a Nonprofit,03-08-2016 19:00
242776081,22504351,SHOOT & MINGLE!  (Special Group Rates),06-09-2017 23:00
237893575,22504351,Ladies Indoor Range Practice,07-03-2017 00:00
sdcmnlyvkbqb,19266450,Let's meet and talk about how to exercise while you rest!,12-07-2016 23:30
sdcmnlyvjbsb,19266450,Let's meet and talk about how to exercise while you rest!,14-06-2016 23:30
sdcmnlyvhbnb,19266450,Let's meet and talk about how to exercise while you rest!,10-05-2016 23:30
sdcmnlyvgbqb,19266450,Let's meet and talk about how to exercise while you rest!,12-04-2016 23:30
sdcmnlyvfblb,19266450,Let's meet and talk about how to exercise while you rest!,09-03-2016 00:30
sdcmnlyvdbmb,19266450,Let's meet and talk about how to exercise while you rest!,10-02-2016 00:30
sdcmnlyvcbqb,19266450,Let's meet and talk about how to exercise while you rest!,13-01-2016 00:30
242102031,24616027,Magento 2 B2B demo at the Refinery!,31-08-2017 23:00
243305432,25150760,Real Estate Industry And Coffee ,11-10-2017 14:00
243556357,25150760,Real Estate And WINE,03-10-2017 22:00
243024248,25150760,Real Estate Industry And Coffee ,12-09-2017 14:00
243682923,26018023,Bhakti Yoga Public Program (Free of Charge) - October 2017,15-10-2017 21:00
243589984,26018023,Bhakti Yoga Public Program (Free of Charge) - September 2017,24-09-2017 21:00
239610618,23486559,Cool-Colored Foliage Arrangement,16-06-2017
233793661,20377182,Pure Storage Nashville Meetup at Yazoo Tap Room,21-09-2016 22:00
240532499,24038214,Play Ball! ,10-06-2017 16:00
230469545,19855182,Open public friendly push hands gathering,20-04-2016 23:30
239678500,20836828,Deep - by C.N. Phillips   Book Discussion,28-10-2017 20:00
239676973,20836828,Middlesex - Book Discussion,30-09-2017 20:00
239676865,20836828,No One is Coming to Save Us - Book Discussion,26-08-2017 20:00
239676754,20836828,CANCELLED- Finding Gideon - Book Discussion,22-07-2017 20:00
241553652,20836828,CANCELLED- Finding Gideon - Book Discussion,10-07-2017 15:00
239265962,20836828,Book Discussion: The Secrets Between These Walls,24-06-2017 20:00
237994653,20836828,The Mothers - Book Discussion,20-05-2017 18:00
237961610,20836828,The Silent Wife: A Novel - Book Discussion,29-04-2017 20:00
238580113,20836828,Ms. Bella Pageant,21-04-2017 23:15
237674735,20836828,Forty Acres- Book Discussion,25-03-2017 20:00
236777375,20836828,Loving Donovan-Book Discussion,18-02-2017 21:00
235699507,20836828,Discussing: The Couple Next Door,07-01-2017 21:00
235099346,20836828,Discussing: I Almost Forgot About You by Terri McMillian,19-11-2016 21:00
243966491,26040985,BBQ and beer. Poquito espańol. ,12-10-2017 23:00
243634313,26040985,Beer and Tacos ?  poquito espańol ...,05-10-2017 23:00
235149668,20909584,Inaugural meeting ,21-11-2016 14:00
243265876,22930798,FREE Introduction to Hyonosis & NLP (Come Have Fun Learning),16-09-2017 21:00
msdswnywnblc,25810092,Monthly Meet and Eat!,28-10-2017 22:30
243482025,25810092,Japanese Moon Viewing Celebration,08-10-2017 20:45
243482324,25810092,Celebrate Nashville Cultural Festival,07-10-2017 15:00
243803866,25810092,Eat and Chat at Seoul Garden,01-10-2017 22:00
244278467,26294237,Nashville Cryptocurrency and Ecommerce ,20-10-2017
ctjgqnywnbpb,25493984,Happy Hour At Bar Louie In The Gulch!!!,11-10-2017 22:30
ctjgqnywnbgb,25493984,Happy Hour At Bar Louie In The Gulch!!!,04-10-2017 22:30
ctjgqnywmbkc,25493984,Happy Hour At Bar Louie In The Gulch!!!,27-09-2017 22:30
ctjgqnywmbbc,25493984,Happy Hour At Bar Louie In The Gulch!!!,20-09-2017 22:30
ctjgqnywmbrb,25493984,Happy Hour At Bar Louie In The Gulch!!!,13-09-2017 21:30
ctjgqnywmbjb,25493984,Happy Hour At Bar Louie In The Gulch!!!,06-09-2017 21:30
ctjgqnywlbnc,25493984,Happy Hour At Bar Louie In The Gulch!!!,30-08-2017 21:30
ctjgqnywlbfc,25493984,Happy Hour At Bar Louie In The Gulch!!!,23-08-2017 21:30
ctjgqnywlbvb,25493984,Happy Hour At Bar Louie In The Gulch!!!,16-08-2017 21:30
243861892,25694632,Networking in The Nations,26-10-2017 22:30
243861827,25694632,Networking in The Nations,11-10-2017 13:00
243185984,25694632,Networking in The Nations,28-09-2017 22:30
243021557,25694632,First Meet - Networking,07-09-2017 12:30
241968403,23984060,Essential oil blendology ,26-08-2017 15:00
241063498,23984060,Blendology - essential oil blending ,22-07-2017 15:00
240240233,23984060,Bring your own essential oils or we will have some available for purchase.,24-06-2017 15:00
236909728,20793609,"New Year, New You!!",27-01-2017 01:00
235996797,20793609,Dance the Holiday Stress Away,09-12-2016 01:00
235252965,20793609,Come enjoy a night of dancing!,04-11-2016 00:00
235027271,20793609,Come enjoy a night of dancing!,28-10-2016 00:00
243589459,24125934,Socialize and code,20-10-2017
242951707,24125934,Socialize and code,22-09-2017
242533884,24125934,Socialize and code,25-08-2017
242190292,24125934,Socialize and code,04-08-2017
241373487,24125934,Code and socialize,14-07-2017
240634805,24125934,Code and socialize,23-06-2017
240391192,24125934,Code!,07-06-2017
228998222,19494897,Join us for the First Meetup!,04-03-2016
242254396,25273815,Let's meet/greet/ride at Blue Moon Grille at Rock Harbor 3pm Saturday the 12th,12-08-2017 20:00
243711311,26069557,"The Interactive Trifecta; Filters, Parameters, and Actions",24-10-2017 22:30
dkwpqywnbfc,1037384,Weekly tournament,23-10-2017 23:30
dkwpqywnbvb,1037384,Weekly tournament,16-10-2017 23:30
dkwpqywnbmb,1037384,Weekly tournament,09-10-2017 23:30
dkwpqywnbdb,1037384,Weekly tournament,02-10-2017 23:30
dkwpqywmbhc,1037384,Weekly tournament,25-09-2017 23:30
dkwpqywmbxb,1037384,Weekly tournament,18-09-2017 23:30
dkwpqywmbpb,1037384,Weekly tournament,11-09-2017 23:30
dkwpqywmbgb,1037384,Weekly tournament,04-09-2017 23:30
dkwpqywlblc,1037384,Weekly tournament,28-08-2017 23:30
dkwpqywlbcc,1037384,Weekly tournament,21-08-2017 23:30
dkwpqywlbsb,1037384,Weekly tournament,14-08-2017 23:30
dkwpqywlbkb,1037384,Weekly tournament,07-08-2017 23:30
dkwpqywkbpc,1037384,Weekly tournament,31-07-2017 23:30
dkwpqywkbgc,1037384,Weekly tournament,24-07-2017 23:30
dkwpqywkbwb,1037384,Weekly tournament,17-07-2017 23:30
dkwpqywkbnb,1037384,Weekly tournament,10-07-2017 23:30
dkwpqywkbfb,1037384,Weekly tournament,03-07-2017 23:30
dkwpqywjbjc,1037384,Weekly tournament,26-06-2017 23:30
dkwpqywjbzb,1037384,Weekly tournament,19-06-2017 23:30
dkwpqywjbqb,1037384,Weekly tournament,12-06-2017 23:30
dkwpqywjbhb,1037384,Weekly tournament,05-06-2017 23:30
dkwpqywhbmc,1037384,Weekly tournament,29-05-2017 23:30
dkwpqywhbdc,1037384,Weekly tournament,22-05-2017 23:30
dkwpqywhbtb,1037384,Weekly tournament,15-05-2017 23:30
dkwpqywhblb,1037384,Weekly tournament,08-05-2017 23:30
dkwpqywhbcb,1037384,Weekly tournament,01-05-2017 23:30
dkwpqywgbgc,1037384,Weekly tournament,24-04-2017 23:30
dkwpqywgbwb,1037384,Weekly tournament,17-04-2017 23:30
dkwpqywgbnb,1037384,Weekly tournament,10-04-2017 23:30
dkwpqywgbfb,1037384,Weekly tournament,03-04-2017 23:30
dkwpqywfbkc,1037384,Weekly tournament,27-03-2017 23:30
dkwpqywfbbc,1037384,Weekly tournament,20-03-2017 23:30
dkwpqywfbrb,1037384,Weekly tournament,13-03-2017 23:30
dkwpqywfbjb,1037384,Weekly tournament,07-03-2017 00:30
dkwpqywdbkc,1037384,Weekly tournament,28-02-2017 00:30
dkwpqywdbbc,1037384,Weekly tournament,21-02-2017 00:30
dkwpqywdbrb,1037384,Weekly tournament,14-02-2017 00:30
dkwpqywdbjb,1037384,Weekly tournament,07-02-2017 00:30
dkwpqywcbnc,1037384,Weekly tournament,31-01-2017 00:30
dkwpqywcbfc,1037384,Weekly tournament,24-01-2017 00:30
dkwpqywcbvb,1037384,Weekly tournament,17-01-2017 00:30
dkwpqywcbmb,1037384,Weekly tournament,10-01-2017 00:30
dkwpqywcbdb,1037384,Weekly tournament,03-01-2017 00:30
dkwpqyvqbjc,1037384,Weekly tournament,27-12-2016 00:30
dkwpqyvqbzb,1037384,Weekly tournament,20-12-2016 00:30
dkwpqyvqbqb,1037384,Weekly tournament,13-12-2016 00:30
dkwpqyvqbhb,1037384,Weekly tournament,06-12-2016 00:30
dkwpqyvpblc,1037384,Weekly tournament,29-11-2016 00:30
dkwpqyvpbcc,1037384,Weekly tournament,22-11-2016 00:30
dkwpqyvpbsb,1037384,Weekly tournament,15-11-2016 00:30
dkwpqyvpbkb,1037384,Weekly tournament,08-11-2016 00:30
dkwpqyvnbpc,1037384,Weekly tournament,31-10-2016 23:30
dkwpqyvnbgc,1037384,Weekly tournament,24-10-2016 23:30
dkwpqyvnbwb,1037384,Weekly tournament,17-10-2016 23:30
dkwpqyvnbnb,1037384,Weekly tournament,10-10-2016 23:30
dkwpqyvnbfb,1037384,Weekly tournament,03-10-2016 23:30
dkwpqyvmbjc,1037384,Weekly tournament,26-09-2016 23:30
dkwpqyvmbzb,1037384,Weekly tournament,19-09-2016 23:30
dkwpqyvmbqb,1037384,Weekly tournament,12-09-2016 23:30
dkwpqyvmbhb,1037384,Weekly tournament,05-09-2016 23:30
dkwpqyvlbmc,1037384,Weekly tournament,29-08-2016 23:30
dkwpqyvlbdc,1037384,Weekly tournament,22-08-2016 23:30
dkwpqyvlbtb,1037384,Weekly tournament,15-08-2016 23:30
dkwpqyvlblb,1037384,Weekly tournament,08-08-2016 23:30
dkwpqyvlbcb,1037384,Weekly tournament,01-08-2016 23:30
dkwpqyvkbhc,1037384,Weekly tournament,25-07-2016 23:30
dkwpqyvkbxb,1037384,Weekly tournament,18-07-2016 23:30
dkwpqyvkbpb,1037384,Weekly tournament,11-07-2016 23:30
dkwpqyvkbgb,1037384,Weekly tournament,04-07-2016 23:30
dkwpqyvjbkc,1037384,Weekly tournament,27-06-2016 23:30
dkwpqyvjbbc,1037384,Weekly tournament,20-06-2016 23:30
dkwpqyvjbrb,1037384,Weekly tournament,13-06-2016 23:30
dkwpqyvjbjb,1037384,Weekly tournament,06-06-2016 23:30
dkwpqyvhbnc,1037384,Weekly tournament,30-05-2016 23:30
dkwpqyvhbfc,1037384,Weekly tournament,23-05-2016 23:30
dkwpqyvhbvb,1037384,Weekly tournament,16-05-2016 23:30
dkwpqyvhbmb,1037384,Weekly tournament,09-05-2016 23:30
dkwpqyvhbdb,1037384,Weekly tournament,02-05-2016 23:30
dkwpqyvgbhc,1037384,Weekly tournament,25-04-2016 23:30
dkwpqyvgbxb,1037384,Weekly tournament,18-04-2016 23:30
dkwpqyvgbpb,1037384,Weekly tournament,11-04-2016 23:30
dkwpqyvgbgb,1037384,Weekly tournament,04-04-2016 23:30
dkwpqyvfblc,1037384,Weekly tournament,28-03-2016 23:30
dkwpqyvfbcc,1037384,Weekly tournament,21-03-2016 23:30
dkwpqyvfbsb,1037384,Weekly tournament,14-03-2016 23:30
dkwpqyvfbkb,1037384,Weekly tournament,08-03-2016 00:30
dkwpqyvdbmc,1037384,Weekly tournament,01-03-2016 00:30
dkwpqyvdbdc,1037384,Weekly tournament,23-02-2016 00:30
dkwpqyvdbtb,1037384,Weekly tournament,16-02-2016 00:30
dkwpqyvdblb,1037384,Weekly tournament,09-02-2016 00:30
dkwpqyvdbcb,1037384,Weekly tournament,02-02-2016 00:30
dkwpqyvcbhc,1037384,Weekly tournament,26-01-2016 00:30
dkwpqyvcbxb,1037384,Weekly tournament,19-01-2016 00:30
dkwpqyvcbpb,1037384,Weekly tournament,12-01-2016 00:30
dkwpqyvcbgb,1037384,Weekly tournament,05-01-2016 00:30
dkwpqytqblc,1037384,Weekly tournament,29-12-2015 00:30
dkwpqytqbcc,1037384,Weekly tournament,22-12-2015 00:30
dkwpqytqbsb,1037384,Weekly tournament,15-12-2015 00:30
dkwpqytqbkb,1037384,Weekly tournament,08-12-2015 00:30
dkwpqytpbnc,1037384,Weekly tournament,01-12-2015 00:30
dkwpqytpbfc,1037384,Weekly tournament,24-11-2015 00:30
dkwpqytpbvb,1037384,Weekly tournament,17-11-2015 00:30
dkwpqytpbmb,1037384,Weekly tournament,10-11-2015 00:30
dkwpqytpbdb,1037384,Weekly tournament,03-11-2015 00:30
243590962,25357512,Miracles in the scripture part 2 followed by the movies :),07-10-2017 16:30
242692606,25357512,Miracles mentioned in the scripture ,09-09-2017 15:00
242340764,25357512,Please describe what Heaven is in your scripture ,13-08-2017 18:00
242033375,1743773,Digital Marketing Series: Learn Email Marketing,21-09-2017 23:30
242568670,1743773,Digital Marketing Series: Learn Online Reputation Management,17-08-2017 23:30
240998999,1743773,Digital Marketing Series: Learn Analytics,20-07-2017 23:30
240238515,1743773,Digital Marketing Series: Learn Online Advertising,15-06-2017 23:30
239438161,1743773,Digital Marketing Series: Learn Social Media,18-05-2017 23:30
237988160,1743773,Digital Marketing Series: Learn SEM,20-04-2017 23:30
237986816,1743773,Digital Marketing Series: Learn SEO,16-03-2017 23:30
237275198,1743773,Digital Marketing Series: Find the Right Digital Marketing Mix,17-02-2017 00:30
236800395,1743773,Advanced SEO Meetup,24-01-2017 14:00
236797598,1743773,2017 Kickoff: 7 Critical Tasks for SEO Success in 2017,20-01-2017 00:30
230178733,1743773,Free Website SEO Audits,21-04-2016 23:30
220866838,1743773,Please Join the Other Group,26-12-2015 05:45
qrzvjgyvqbdc,8796112,NCFUG Monthly Meeting,23-12-2016 00:30
qrzvjgyvpbgc,8796112,NCFUG Monthly Meeting,25-11-2016 00:30
qrzvjgyvnbkc,8796112,NCFUG Monthly Meeting,27-10-2016 23:30
qrzvjgyvlbhc,8796112,NCFUG Monthly Meeting,25-08-2016 23:30
qrzvjgyvjbfc,8796112,NCFUG Monthly Meeting,23-06-2016 23:30
qrzvjgyvhbjc,8796112,NCFUG Monthly Meeting,26-05-2016 23:30
qrzvjgyvdbhc,8796112,NCFUG Monthly Meeting,26-02-2016 00:30
244125835,26232242,Pumpkin Centerpiece Craft Party!,20-10-2017
244155812,26091301,Women's Bible Study,26-10-2017 23:30
243779350,26091301,Women's Bible Study,11-10-2017 23:30
243621987,25717708,Recovering from Religion Nashville Meetup,19-10-2017
243306411,25717708,Recovering from Religion's 1st Nashville Meetup,21-09-2017
241229719,24786221,Podcasting for the Music Business and More!,28-07-2017
240189368,23570439,Picnic in the Vineyard,04-06-2017 18:00
244151660,24748157,Gaia's Tribe Meetup ,23-10-2017 23:00
243228565,24748157,Gaia's Tribe Meetup ,25-09-2017 23:00
243228560,24748157,Gaia's Tribe Meetup,11-09-2017 23:00
242095490,24748157,Healing Earth and Her Oceans,28-08-2017 23:30
242095321,24748157,Healing Earth and Her Oceans,07-08-2017 23:30
241315120,24748157,Lightbody Activation Prep and Healing Gaia and Her Oceans,10-07-2017 23:00
241176265,24748157,First group meet up,02-07-2017 20:00
nwcprmywnbgc,20351444,First Time Home Buyers Info Session,24-10-2017 23:30
nwcprmywmbjc,20351444,First Time Home Buyers Info Session,26-09-2017 23:30
nwcprmywlbdc,20351444,**Postponed** First Time Home Buyers Info Session,22-08-2017 23:30
nwcprmywkbhc,20351444,First Time Home Buyers Info Session,25-07-2017 23:30
nwcprmywjbkc,20351444,First Time Home Buyers Info Session,11-07-2017 23:30
nwcprmywhbfc,20351444,First Time Home Buyers Info Session,23-05-2017 23:30
nwcprmywgbhc,20351444,First Time Home Buyers Info Session,25-04-2017 23:30
nwcprmywfblc,20351444,First Time Home Buyers Info Session,28-03-2017 23:30
mvcprmywfbkc,20351444,First Time Home Buyers Info Session,27-03-2017 23:30
jwcprmywfbkc,20351444,First Time Home Buyers Info Session,27-03-2017 23:30
nwcprmywfbkc,20351444,First Time Home Buyers Info Session,27-03-2017 23:30
tccsxlywdblc,20351444,First Time Home Buyers Info Session,28-02-2017 00:30
tccsxlywcbgc,20351444,*POSTPONED* First Time Home Buyers Info Session,25-01-2017 00:30
tccsxlyvpbdc,20351444,First Time Home Buyers Info Session,17-11-2016 00:30
tccsxlyvnbhc,20351444,First Time Home Buyers Info Session,25-10-2016 23:30
tccsxlyvmbkc,20351444,First Time Home Buyers Info Session,27-09-2016 23:30
233660287,20351444,First Time Home Buyers Info Session,13-09-2016 23:00
242491771,20124638,September Lunch Networking for Introverts,27-09-2017 16:30
242491903,20124638,Sell From Your Story Workshop - Profit From The Power of YOU,19-08-2017 14:00
241645390,20124638,Women's Prosperity Network Special Mastermind Evening,19-07-2017 22:30
236645646,20124638,Sweet Success Dinner and Networking,18-01-2017 00:30
236110321,20124638,Sweet Success Dinner and Networking,22-12-2016 00:30
235516858,20124638,Conscious Coffee and Connecting,13-12-2016 14:30
233402996,20124638,Lunch Networking For Heart-Centered Business People,01-09-2016 16:15
232736805,20124638,Real Connections 4 Lunch,03-08-2016 16:15
232446890,20124638,Icebreaker Coffee Social - West End,14-07-2016 15:00
241184904,19871462,Teens need skills and we have them! Join us to make a difference.,24-08-2017 23:00
239139282,19871462,A Call to Action - Sumner Teen Center,24-04-2017 23:00
240736815,22608632,Sup Nashville: Meet Your Community,14-06-2017 23:00
237993785,22608632,Sup Nashville: Meet Your Community,10-05-2017 23:00
242755181,18536116,Red Wings vs. Ottawa Senators,07-10-2017 22:30
235139232,20920929,"Free Home Buying Seminar, navigate the Hot Nashville Market",06-12-2016
mgvqlmywnbkb,20241153,Got OCD?,21-10-2017 22:00
mgvqlmywnbcc,20241153,Got OCD?,21-10-2017 22:00
244403607,20241153,Schedule Meetup,21-10-2017 22:00
mgvqlmywmbfc,20241153,Got OCD?,23-09-2017 22:00
mgvqlmywmbmb,20241153,Got OCD?,09-09-2017 22:00
mgvqlmywlbjc,20241153,Got OCD?,26-08-2017 22:00
mgvqlmywlbqb,20241153,Got OCD?,12-08-2017 22:00
mgvqlmywkbmc,20241153,Got OCD?,29-07-2017 22:00
mgvqlmywkbtb,20241153,Got OCD?,15-07-2017 22:00
mgvqlmywkbcb,20241153,Got OCD?,01-07-2017 22:00
mgvqlmywjbwb,20241153,Got OCD?,17-06-2017 22:00
mgvqlmywjbfb,20241153,Got OCD?,03-06-2017 22:00
mgvqlmywhbbc,20241153,Got OCD?,20-05-2017 22:00
mgvqlmywhbjb,20241153,Got OCD?,06-05-2017 22:00
mgvqlmywgbmc,20241153,Got OCD?,29-04-2017 22:00
mgvqlmywgbtb,20241153,Got OCD?,22-04-2017 22:00
mgvqlmywgbcb,20241153,Got OCD?,01-04-2017 22:00
mgvqlmywfbxb,20241153,Got OCD?,18-03-2017 22:00
mgvqlmywfbgb,20241153,Got OCD?,04-03-2017 23:00
mgvqlmywdbxb,20241153,Got OCD?,18-02-2017 23:00
mgvqlmywcblc,20241153,Got OCD?,04-02-2017 23:00
mgvqlmywcbsb,20241153,Got OCD?,21-01-2017 23:00
mgvqlmywcbcc,20241153,Got OCD?,21-01-2017 23:00
pjftbmywcbsb,20241153,Got OCD?,07-01-2017 23:00
pjftbmyvqbwb,20241153,Got OCD?,17-12-2016 23:00
pjftbmyvqbfb,20241153,Post,03-12-2016 23:00
pjftbmyvpbzb,20241153,Post,19-11-2016 23:00
pjftbmyvpbhb,20241153,Post,05-11-2016 22:00
235361008,20241153,Post,05-11-2016 22:00
pjftbmyvnbdc,20241153,Post,22-10-2016 22:00
234694755,20241153,OCD Nashville Peer Support Group,08-10-2016 22:00
234366828,20241153,OCD SUPPORT GROUP,24-09-2016 22:00
233214307,20241153,Announcement,13-08-2016 22:00
242625061,25326528,The MF Restaurant Group Scenic City Squash Championship,20-10-2017 22:00
242256427,25326528,Watch Party - U.S. Open Squash Finals,14-10-2017 21:00
242257179,25326528,October Club Mixer and Social,06-10-2017 22:30
242255975,25326528,Season Opener - Round Robin Mixer and Social,15-09-2017 22:30
240513783,21522768,The Forgetting Time - Sharon Guskin (September book),08-10-2017 00:00
240513799,21522768,The Book of Speculation - Erika Swyler (August Book),03-09-2017 00:00
240513808,21522768,The Storyteller - Jodi Picoult and Children's Book Drive,30-07-2017 00:00
239857287,21522768,May Book Discussion: Hag-Seed by Margaret Atwood,04-06-2017 00:00
238895276,21522768,"""Where All Light Tends to Go"" Discussion",07-05-2017 00:00
238230063,21522768,March Book Discussion - The Other Einstein By Marie Benedict,02-04-2017 00:00
237467535,21522768,February Book Discussion - The Opposite of Everyone,05-03-2017 01:00
236117916,21522768,January Book Discussion,05-02-2017 01:00
236117801,21522768,First Meeting Ever And Book Swap,08-01-2017 01:00
jcbgxmywnbgc,22985677,Bring a Pencil and a piece of paper & be prepared to BrainStorm!!!,25-10-2017 01:00
jcbgxmywnbwb,22985677,Bring a Pencil and a piece of paper & be prepared to BrainStorm!!!,18-10-2017 01:00
jcbgxmywnbnb,22985677,Bring a Pencil and a piece of paper & be prepared to BrainStorm!!!,11-10-2017 01:00
jcbgxmywnbfb,22985677,Bring a Pencil and a piece of paper & be prepared to BrainStorm!!!,04-10-2017 01:00
jcbgxmywmbjc,22985677,Bring a Pencil and a piece of paper & be prepared to BrainStorm!!!,27-09-2017 01:00
jcbgxmywmbzb,22985677,Bring a Pencil and a piece of paper & be prepared to BrainStorm!!!,20-09-2017 01:00
jcbgxmywmbqb,22985677,Bring a Pencil and a piece of paper & be prepared to BrainStorm!!!,13-09-2017 01:00
jcbgxmywmbhb,22985677,Bring a Pencil and a piece of paper & be prepared to BrainStorm!!!,06-09-2017 01:00
jcbgxmywlbmc,22985677,Bring a Pencil and a piece of paper & be prepared to BrainStorm!!!,30-08-2017 01:00
jcbgxmywlbdc,22985677,Bring a Pencil and a piece of paper & be prepared to BrainStorm!!!,23-08-2017 01:00
jcbgxmywlbtb,22985677,Bring a Pencil and a piece of paper & be prepared to BrainStorm!!!,16-08-2017 01:00
jcbgxmywlblb,22985677,Bring a Pencil and a piece of paper & be prepared to BrainStorm!!!,09-08-2017 01:00
jcbgxmywlbcb,22985677,Bring a Pencil and a piece of paper & be prepared to BrainStorm!!!,02-08-2017 01:00
jcbgxmywkbhc,22985677,Bring a Pencil and a piece of paper & be prepared to BrainStorm!!!,26-07-2017 01:00
jcbgxmywkbxb,22985677,Bring a Pencil and a piece of paper & be prepared to BrainStorm!!!,19-07-2017 01:00
jcbgxmywkbpb,22985677,Bring a Pencil and a piece of paper & be prepared to BrainStorm!!!,12-07-2017 01:00
jcbgxmywkbgb,22985677,Bring a Pencil and a piece of paper & be prepared to BrainStorm!!!,05-07-2017 01:00
jcbgxmywjbkc,22985677,Bring a Pencil and a piece of paper & be prepared to BrainStorm!!!,28-06-2017 01:00
jcbgxmywjbbc,22985677,Bring a Pencil and a piece of paper & be prepared to BrainStorm!!!,21-06-2017 01:00
jcbgxmywjbrb,22985677,Bring a Pencil and a piece of paper & be prepared to BrainStorm!!!,14-06-2017 01:00
jcbgxmywjbjb,22985677,Bring a Pencil and a piece of paper & be prepared to BrainStorm!!!,07-06-2017 01:00
jcbgxmywhbnc,22985677,Bring a Pencil and a piece of paper & be prepared to BrainStorm!!!,31-05-2017 01:00
jcbgxmywhbfc,22985677,Bring a Pencil and a piece of paper & be prepared to BrainStorm!!!,24-05-2017 01:00
jcbgxmywhbvb,22985677,Bring a Pencil and a piece of paper & be prepared to BrainStorm!!!,17-05-2017 01:00
jcbgxmywhbmb,22985677,Bring a Pencil and a piece of paper & be prepared to BrainStorm!!!,10-05-2017 01:00
jcbgxmywhbdb,22985677,Bring a Pencil and a piece of paper & be prepared to BrainStorm!!!,03-05-2017 01:00
jcbgxmywgbhc,22985677,Bring a Pencil and a piece of paper & be prepared to BrainStorm!!!,26-04-2017 01:00
239157818,22985677,Bring a Pencil & a Piece of Paper...Create...,19-04-2017 01:00
238974659,22985677,Nashville Investment Angels,12-04-2017 01:00
238789387,22985677,"Zoe's Kitchen, Hwy 100 @ Split, Belle Meade 37205",05-04-2017 01:00
238696747,22985677,"Zoe's Kitchen, Hwy 100 @ Split, Belle Meade 37205",29-03-2017 01:00
238696769,22985677,Nashville Investment Angels,29-03-2017 01:00
242229011,25174197,What is Multiply?,09-08-2017 12:00
242072440,25174197,What is Multiply?,02-08-2017 12:00
djwmlfywnbtb,7193382,Open Men's Group,15-10-2017 23:00
qwspfhywnbcb,7193382,Open Circle,01-10-2017 22:45
djwmlfywmbwb,7193382,Open Men's Group,17-09-2017 23:00
qwspfhywmbfb,7193382,Open Circle,03-09-2017 22:45
djwmlfywlbbc,7193382,Open Men's Group,20-08-2017 23:00
qwspfhywlbjb,7193382,Open Circle,06-08-2017 22:45
djwmlfywkbvb,7193382,Open Men's Group,16-07-2017 23:00
qwspfhywkbdb,7193382,Open Circle,02-07-2017 22:45
djwmlfywjbxb,7193382,Open Men's Group,18-06-2017 23:00
qwspfhywjbgb,7193382,Open Circle,04-06-2017 22:45
djwmlfywhbcc,7193382,Open Men's Group,21-05-2017 23:00
qwspfhywhbkb,7193382,Open Circle,07-05-2017 22:45
djwmlfywgbvb,7193382,Open Men's Group,16-04-2017 23:00
qwspfhywgbdb,7193382,Open Circle,02-04-2017 22:45
djwmlfywfbzb,7193382,Open Men's Group,19-03-2017 23:00
qwspfhywfbhb,7193382,Open Circle,05-03-2017 23:45
djwmlfywdbzb,7193382,Open Men's Group,20-02-2017 00:00
djwmlfywcbtb,7193382,Open Men's Group,16-01-2017 00:00
djwmlfyvqbxb,7193382,Open Men's Group,19-12-2016 00:00
qwspfhyvqbgb,7193382,Open Circle,04-12-2016 23:45
djwmlfyvpbbc,7193382,Open Men's Group,21-11-2016 00:00
qwspfhyvpbjb,7193382,Open Circle,06-11-2016 23:45
djwmlfyvnbvb,7193382,Open Men's Group,16-10-2016 23:00
qwspfhyvnbdb,7193382,Open Circle,02-10-2016 22:45
djwmlfyvmbxb,7193382,Open Men's Group,18-09-2016 23:00
qwspfhyvmbgb,7193382,Open Circle,04-09-2016 22:45
djwmlfyvlbcc,7193382,Open Men's Group,21-08-2016 23:00
qwspfhyvlbkb,7193382,Open Circle,07-08-2016 22:45
djwmlfyvkbwb,7193382,Open Men's Group,17-07-2016 23:00
qwspfhyvkbfb,7193382,Open Circle - CANCELED,03-07-2016 22:45
djwmlfyvjbzb,7193382,Open Men's Group,19-06-2016 23:00
qwspfhyvjbhb,7193382,Open Circle,05-06-2016 22:45
djwmlfyvhbtb,7193382,Open Men's Group,15-05-2016 22:45
qwspfhyvhbcb,7193382,Open Circle,01-05-2016 22:45
djwmlfyvgbwb,7193382,Open Men's Group,17-04-2016 22:45
qwspfhyvgbfb,7193382,Open Circle,03-04-2016 22:45
djwmlfyvfbbc,7193382,Open Men's Group,20-03-2016 22:45
qwspfhyvfbjb,7193382,Open Circle,06-03-2016 23:45
djwmlfyvdbcc,7193382,Open Men's Group,21-02-2016 23:45
qwspfhyvdbkb,7193382,Open Circle,07-02-2016 23:45
djwmlfyvcbwb,7193382,Open Men's Group,17-01-2016 23:45
qwspfhyvcbfb,7193382,Open Circle,03-01-2016 23:45
djwmlfytqbbc,7193382,Open Men's Group,20-12-2015 23:45
qwspfhytqbjb,7193382,Open Circle,06-12-2015 23:45
djwmlfytpbtb,7193382,Open Men's Group,15-11-2015 23:45
qwspfhytpbcb,7193382,Open Circle,01-11-2015 23:45
243183232,18764206,The Black and White Truth about Racisim,26-10-2017 23:30
243183200,18764206,The 60 Minute Guide to Greater Confidence,19-10-2017 23:30
243183163,18764206,Toxic Faith: When Religion Hurts,12-10-2017 23:30
243183140,18764206,Making Life's Toughest Decicions,05-10-2017 23:30
242624265,18764206,Forgiving the Unforgivable,28-09-2017 23:30
242624140,18764206,Is Church Obsolete: Has God Left the Building?,21-09-2017 23:30
242623956,18764206,A Safe Place: Confronting Child Abuse,14-09-2017 23:30
242199532,18764206,Follow Your Dreams..Even When You Think You Can't,07-09-2017 23:30
242623852,18764206,Getting Past....Your Past,07-09-2017 23:30
241341427,18764206,Concussions,31-08-2017 23:30
241341412,18764206,They Hijacked My Life! Identity Theft,24-08-2017 23:30
241341375,18764206,Coping with Grief,17-08-2017 23:30
241341330,18764206,Science and Religion,10-08-2017 23:30
240785822,18764206,Getting Unstuck in Life,03-08-2017 23:30
240785793,18764206,Body Language,27-07-2017 23:30
240785622,18764206,What People Really Think of Christitans,20-07-2017 23:30
240785490,18764206,When Love Hurts,13-07-2017 23:30
240785443,18764206,Majesty and Mystery of Nature,06-07-2017 23:30
240094009,18764206,What's Your Pet Trying to Tell You?,29-06-2017 23:30
240093912,18764206,Imperfect Parents,22-06-2017 23:30
240093891,18764206,Understanding the Hidden World of Hoarding,15-06-2017 23:30
240093858,18764206,The Church and Gays -Topic of the week,08-06-2017 23:30
239383386,18764206,Curing Healthcare -Topic of the week,01-06-2017 23:30
239383302,18764206,Mormon: Christian? Cult? -Topic of the week,25-05-2017 23:30
239383233,18764206,What's Wrong/Right With You? -Topic of the week,18-05-2017 23:30
239383209,18764206,Embracing Change -Topic of the week,11-05-2017 23:30
238425460,18764206,"Hey, Good Lookin' -Topic of the week",04-05-2017 23:30
238425424,18764206,Class Warfare -Topic of the week,27-04-2017 23:30
238425389,18764206,Amazing Grace -Topic of the week,20-04-2017 23:30
238425289,18764206,Cancelled due to Maunday Thursday Service ,13-04-2017 23:30
238425051,18764206,Living After a Suicide -Topic of the week,06-04-2017 23:30
237664705,18764206,Unlocking the Mystery of Music -Topic of the week,30-03-2017 23:30
237664657,18764206,An Unsolved Mystery-Topic of the week,23-03-2017 23:30
237664640,18764206,Financial Freedom -Topic of the week,16-03-2017 23:30
237664599,18764206,Meeting God Face to Face -Topic of the week,10-03-2017 00:30
236929665,18764206,Police Brutality or Necessary Force -Topic of the week,03-03-2017 00:30
236929626,18764206,"""The Shack"" Author Talks Spirituality -Topic of the week",24-02-2017 00:30
236929529,18764206,Crop Circles: They're Not What You Think-Topic of the week,17-02-2017 00:30
236929477,18764206,Finding Meaning Every Monday-Topic of the week,10-02-2017 00:30
236552925,18764206,Confronting Evil-Topic of the week,03-02-2017 00:30
236552905,18764206,Why Did I Survive?-Topic of the week,27-01-2017 00:30
236552873,18764206,Losing a Loved One to Alzheimer's-Topic of the week,20-01-2017 00:30
236552837,18764206,Playing God: Is Science Going Too Far?- Topic of the week,13-01-2017 00:30
236552798,18764206,Be Yourself...Everyone Else is Taken- Topic of the week,06-01-2017 00:30
235632238,18764206,The Aliens Are Coming- Topic of the week,30-12-2016 00:30
235632166,18764206,In the Beginning- Topic of the week,16-12-2016 00:30
235632053,18764206,Overcoming Worry- Topic of the week,09-12-2016 00:30
234854873,18764206,Giving Up on God- Topic of the week,02-12-2016 00:30
234854817,18764206,Lighten Up! De-stress and Lift Your Spirits- Topic of the week,18-11-2016 00:30
234854805,18764206,Choosing Resilience- Topic of the week,11-11-2016 00:30
234338624,18764206,Enough Already! - Topic of the week,03-11-2016 23:30
234338516,18764206,Dealing With Difficult People - Topic of the week,27-10-2016 23:30
234338361,18764206,Cutting: The Epidemic of Self-Mutilation - Topic of the week,13-10-2016 23:30
234338297,18764206,The President's Faith: Does it Matter? - Topic of the week,06-10-2016 23:30
233163326,18764206,Hurt by Church? - Topic of the week,29-09-2016 23:30
233163301,18764206,Confronting Bullies - Topic of the week,22-09-2016 23:30
233163284,18764206,Bias: What's the Media's Agenda - Topic of the week,15-09-2016 23:30
233163267,18764206,I lived in a Dumpster- Topic of the week,08-09-2016 23:30
232415318,18764206,Trapped; A Stripper's Journey Out of Hopelessness- Topic of the week,01-09-2016 23:30
232415272,18764206,Give Me a Break! - Topic of the week,25-08-2016 23:30
232415241,18764206,Border Wars - Topic of the week,18-08-2016 23:30
232415175,18764206,Facing a Terminal Illness - Topic of the week,11-08-2016 23:30
232058794,18764206,Hope for Gangs: Surprising Stories from the Bloods and Crips- Topic of the week,04-08-2016 23:30
232058601,18764206,The Art of Loss - Topic of the week,28-07-2016 23:30
232058689,18764206,Child Sex Slaves - Topic of the week,21-07-2016 23:30
232058646,18764206,Benefits of Laughter - Topic of the week,14-07-2016 23:30
232058727,18764206,True Beauty: Is it Really Only Skin Deep? - Topic of the week,07-07-2016 23:30
230701027,18764206,Temptation-Why Good Men Go Bad - Topic of the week,30-06-2016 23:30
230700994,18764206,Tell Me the Real Story - Topic of the week,23-06-2016 23:30
230700966,18764206,Political Correctness - Topic of the week,16-06-2016 23:30
230700847,18764206,Overcoming Life's Obstacles- Topic of the week,09-06-2016 23:30
230279959,18764206,Can This Union Be Saved?- Topic of the week,02-06-2016 23:30
230279941,18764206,Meth: Stories of Horror and Hope- Topic of the week,26-05-2016 23:30
230279908,18764206,The Mystery of Autism- Topic of the week,19-05-2016 23:30
230279879,18764206,"Love Ya, Mom: Celebrating Mothers- Topic of the week",12-05-2016 23:30
230279838,18764206,Dreams and Nightmares - Topic of the week,05-05-2016 23:30
229744168,18764206,Is the Devil Real? - Topic of the week,28-04-2016 23:30
229744121,18764206,Sacrifice: How Much Would You Give for Someone You Love?- Topic of the week,21-04-2016 23:30
229744062,18764206,Angels Among Us - Topic of the week,14-04-2016 23:30
229743997,18764206,Intimacy Anorexia - Topic of the week,07-04-2016 23:30
228724583,18764206,Who Was Jesus-Really? - Topic of the week,31-03-2016 23:30
228724555,18764206,Maundy Thursday Service - Topic of the week,24-03-2016 23:30
228724506,18764206,How to Live to 100 - Topic of the week,17-03-2016 23:30
228724464,18764206,Reincarnation: Have You Been Here Before? - Topic of the week,11-03-2016 00:30
228290030,18764206,The Things We Love...and Why We Collect Them - Topic of the week,04-03-2016 00:30
228289988,18764206,Loving Those with Cancer - Topic of the week,26-02-2016 00:30
228289935,18764206,Conquering Conflict - Topic of the week,19-02-2016 00:30
228292830,18764206,Why Are You So Hard On Yourself? - Topic of the week,05-02-2016 00:30
228292846,18764206,Making Peace with Your Past - Topic of the week,29-01-2016 00:30
227664117,18764206,Making Peace with Your Past - Topic of the week,22-01-2016 00:30
227663986,18764206,Tough on Crime - Topic of the week,15-01-2016 00:30
227663916,18764206,Follow Your Dreams: Even When  You Think You Can't - Topic of the week,08-01-2016 00:30
227553007,18764206,The Spirit of Santa - Topic of the week,01-01-2016 03:30
227437186,18764206,Christmas Eve Service - Topic of the week,25-12-2015 00:30
227015388,18764206,How to Pursue an Adventure-Filled Life - Topic of the week,18-12-2015 00:30
227015327,18764206,How to Have a Healthy Argument - Topic of the week,11-12-2015 00:30
227015575,18764206,Prayer: Could a Conversation With God Change Your Life? - Topic of the week,04-12-2015 00:30
226490093,18764206,MarriageTips From a Divorce Coach - Topic of the week,20-11-2015 00:30
225920677,18764206,True of False: Everything Happens for a Reason- Topic of the week,13-11-2015 00:30
226489520,18764206,The Heroin Addict Next Door - Topic of the week,06-11-2015 00:30
hcrrwnywpbdb,25791353,Nashville BoomPower!   Free Networking for Baby Boomers!,28-10-2017 06:30
mxjbxnywnbjc,25791353,Nashville BoomPower!   Free Networking for Baby Boomers!,26-10-2017 14:00
ncnrwnywnbjc,25791353,Nashville BOOMPower!,26-10-2017 14:00
hcrrwnywnbjc,25791353,Nashville BoomPower!   Free Networking for Baby Boomers!,26-10-2017 14:00
qtjcwnywpbmb,25791353,BOOMPower! Free Networking for Baby Boomers!,24-10-2017 19:30
mxjbxnywpbdb,25791353,BOOMPower! Free Networking for Baby Boomers!,24-10-2017 16:00
qtjcwnywpbdb,25791353,BOOMPower! Free Networking for Baby Boomers!,24-10-2017 14:30
qtjcwnywnbjc,25791353,BOOMPower! Free Networking for Baby Boomers!,24-10-2017 14:15
qtjcwnywnbzb,25791353,BOOMPower! Free Networking for Baby Boomers!,19-10-2017 12:30
ctgzvnywnbzb,25791353,BOOMPOWER!,11-10-2017 07:15
ctgzvnywnbjc,25791353,BOOMPOWER!,11-10-2017 07:15
243998942,25791353,BOOMPOWER!,10-10-2017 00:00
243134506,25791353,Please join us for Boom Power (A Nashville Networking Event),14-09-2017 12:30
243134634,25791353,BOOMPOWER! A Networking Event,14-09-2017 12:30
243021489,24163549,Meetup to greet and learn from each other!,06-09-2017 23:00
242956097,24163549,Meeting online to schedule an actual Meetup!,31-08-2017 21:15
241078895,24163549,Looking for screenwriters to do a movie!,28-06-2017 12:00
240424600,24163549,Time to come together in Nashville!,06-06-2017 23:00
239569126,23461731,Read & Discuss,26-05-2017 01:00
242675820,22132964,Witches and Broomsticks,26-10-2017 23:15
241896733,22132964,Paint Afternoon,01-10-2017 19:00
238705590,22132964,Cruise to Mexico ,16-09-2017 12:00
242052935,22132964,Plant Nite......not Paint Night,12-08-2017 00:00
240844913,22132964,Patterson House Happy Hour,21-07-2017 23:00
240953539,22132964,"Sips, Swaps and Sundaes",16-07-2017 19:00
240169063,22132964,Sunday Brunch,25-06-2017 16:00
239158386,22132964,Downton Abbey Costume Exhibit at Cheekwood,17-06-2017 21:00
240294057,22132964,What's for dinner? -German Food,15-06-2017 23:00
239093917,22132964,Sunday Brunch,21-05-2017 16:00
239093857,22132964,Movie Night- cancelled,17-05-2017 00:00
239517995,22132964,Happy Hour Drinks and Dinner,11-05-2017 22:30
239093841,22132964,Kentucky Derby Party,06-05-2017 21:00
238700078,22132964,Dueling Piano Night,29-04-2017 00:00
238001017,22132964,The Plot Pot - Book Exchange,23-04-2017 19:00
238699985,22132964,Sip Happens/ Wine Down Wednesday-Comedy show,12-04-2017 23:00
238029550,22132964,Taco Tuesday,04-04-2017 22:45
238269174,22132964,Bowling Night,29-03-2017 22:00
237356841,22132964,6th Annual- Pot of Gold  St. Patty's Day Dinner,14-03-2017 22:30
237356229,22132964,PJ Planning Brunch,25-02-2017 17:00
230845589,19743943,"""AllJoyn All The Things"" by Ian Lee",07-06-2016 23:00
237425328,22140032,Meet and Greet (Round 1),11-02-2017 16:00
234554685,20490119,ICS Nashville's first meeting!,05-11-2016 20:00
237486547,20614985,First Meeting! Meet and Learn Together @ Make Nashville,23-02-2017 00:30
241069896,24675297,Eat lunch!,05-07-2017 16:30
238840338,23065168,Woman's Club of Hendersonville ,28-04-2017 00:00
238840316,23065168,Woman's Club of Hendersonville ,20-04-2017 14:00
243869717,26043925,Evening Walks In The Park For Singles,03-10-2017 22:30
243797765,26043925,Evening Walks In The Park For Singles,02-10-2017 22:30
243763642,26043925,Evening Walks In The Park For Singles,29-09-2017 22:30
243681978,26043925,Evening Walks In The Park For Singles,28-09-2017 22:30
243640477,26043925,Evening Walks In The Park For Singles,25-09-2017 22:00
241793348,24619540,Book Club: The Thousandth Floor by Katherine McGee,18-08-2017 00:00
241028083,24619540,Book Club: The Book of Lost Things by John Connelly,06-07-2017 23:30
243968918,23394559,Girls Night Out Bunco,25-10-2017 23:30
243333454,23394559,Girls Night Out BUNCO,28-09-2017 23:30
242225564,23394559,Smyrna Girls Night Out Bunco,31-08-2017 23:30
240877598,23394559,Girls Night Out Bunco,27-07-2017 23:30
240286315,23394559,Ladies BUNCO Girls Night Out,22-06-2017 23:30
239714031,23394559,GIRLS NIGHT OUT BUNCO,25-05-2017 23:30
241941926,25090126,Meet 9-4  Workshop / Photographic Artistry,02-09-2017 14:00
238470527,21744883,Play Test at TN Game Days,17-03-2017 23:00
237222759,21744883,Play Sigil: Powers of War before the 3/21 Kickstarter begins,28-01-2017 01:00
236845826,21744883,Beta Play Test of Sigil: Powers of War,14-01-2017 23:00
236617142,21744883,Beta Play Test of Strategic Board Game (Sigil: Powers of War),04-01-2017 23:00
hhwcnnywnbwb,14396812,LIFE is Beautiful - CANCELLED,17-10-2017 23:30
hhwcnnywnbfb,14396812,Mass Shootings vs. Terrorism vs. Taking a Knee,03-10-2017 23:30
243298984,14396812,"Disagreement & Trust, Part 2",19-09-2017 23:30
hhwcnnywmbhb,14396812,Disagreement & Trust,05-09-2017 23:30
hhwcnnywlbdc,14396812,Charlottesville Revisited: How should we respond to hate?,22-08-2017 23:30
242039711,14396812,The Road Ahead... Rolls On!,08-08-2017 23:30
qlzcgmywkbxb,14396812,The Road Ahead... Continues!,25-07-2017 23:30
qlzcgmywjbbc,14396812,The Road Ahead...,20-06-2017 23:30
qlzcgmywhbfc,14396812,Atheism 2.0,23-05-2017 23:30
qlzcgmywhbmb,14396812,Why Atheism? Lack of Proof of a God or Anger Towards an Establishment?,09-05-2017 23:30
qlzcgmywgbpb,14396812,Forgiveness,11-04-2017 23:30
qlzcgmywfblc,14396812,"Part 2: Lord, Save Us From Your Followers",28-03-2017 23:30
qlzcgmywfbsb,14396812,"""Lord, Save Us From Your Followers"" Part 1 (Food provided!)",14-03-2017 23:30
qlzcgmywdbsb,14396812,Ritual: Relevant or Religious Relic?,01-03-2017 00:30
237406497,14396812,==NO== F&S meetup Feb 14.  Celebrate LOVE!,15-02-2017 01:00
qlzcgmywcbpc,14396812,Abortion: A Logical Look at a Divisive Issue,01-02-2017 00:30
qlzcgmywcbwb,14396812,Dogma 2.0 - The Search for Spock,18-01-2017 00:30
qlzcgmywcbfb,14396812,Dogma And Curiosity,04-01-2017 00:30
qlzcgmyvqbbc,14396812,The Pressure of the Holidays,21-12-2016 00:00
qlzcgmyvqbjb,14396812,Post-Election Grace,07-12-2016 00:30
qlffllyvnbhc,14396812,Soul: Who's got it?,25-10-2016 23:30
qlffllyvnbpb,14396812,Grace,11-10-2016 23:30
qlffllyvmbkc,14396812,The Good Life,27-09-2016 23:30
qlffllyvmbrb,14396812,Potpourri,13-09-2016 23:30
qlffllyvlbnc,14396812,God and Gender,30-08-2016 23:30
qlffllyvkbzb,14396812,"Intimacy, Part II",16-08-2016 23:30
qlffllyvkbhb,14396812,Patriotism,05-07-2016 23:30
qlffllyvjbcc,14396812,Intimacy,21-06-2016 23:30
qlffllyvjbkb,14396812,The Fear Factor,07-06-2016 23:30
qlffllyvhbgc,14396812,Fear and Fundamentalism,24-05-2016 23:30
qlffllyvhbnb,14396812,Death & Dying: Spiritual vs. Skeptical Viewpoints,10-05-2016 23:30
qlffllyvgbjc,14396812,"GAIA, 2016",26-04-2016 23:30
230281460,14396812,Bernie Sanders: Is America ready for some socialism?,12-04-2016 23:30
qlffllyvfbmc,14396812,Bernie Sanders: Is America ready for some socialism?,29-03-2016 23:30
qlffllyvfbtb,14396812,Popcorn Retirement,15-03-2016 23:30
qlffllyvfbcb,14396812,Sing a Better Song,02-03-2016 00:30
qlffllyvdbvb,14396812,Is religion necessary to ensure a moral society?,17-02-2016 00:30
qlffllyvdbdb,14396812,Love & Marriage,03-02-2016 00:30
qlffllyvcbzb,14396812,Spiritual Hurdles,20-01-2016 00:30
qlffllyvcbhb,14396812,2015: Christianity's Report Card,06-01-2016 00:30
qlffllytqblb,14396812,The Curvature of the Earth--How it really helps to get out and sail around it!,09-12-2015 00:30
qlffllytpbgc,14396812,Evolution and Creationism: Understanding the Basics and the Controversy,25-11-2015 00:30
qlffllytpbnb,14396812,A Look at the Philosophy of Joseph Campbell,11-11-2015 00:30
242920236,21277425,READ: After the Reich: The Brutal History of the Allied Occupation -- the rest o,01-10-2017 15:00
240342428,21277425,"READ: After the Reich: The Brutal History of the Allied Occupation, (pt 1 only)",27-08-2017 15:00
239613801,21277425,"READ: Mit dem Rücken zur Wand, and Der Erste Frühling. by Klaus Kordon",28-05-2017 15:00
238719575,21277425,READ: Weimar Germany: Promise and Tragedy by Eric Weitz,30-04-2017 14:30
238004618,21277425,"READ: Little Man, What Now? by Hans Fallada",26-03-2017 14:30
237114165,21277425,"READ: A Stranger to Myself, by Willy Peter Reese.",26-02-2017 15:30
235821692,21277425,"Underground in Berlin, by Marie Jalowicz Simon",22-01-2017 15:30
237370700,22156556,Mystic Mamas Potluck & Bonfire,26-03-2017 22:00
237304709,22156556,Mystic Mamas Potluck & Bonfire,27-02-2017 00:00
243511061,19064659,"READ: Girl in Disguise, by Greer Macallister",18-10-2017 00:00
242795415,19064659,"READ: State of Wonder, by Ann Patchett",20-09-2017 00:00
242031366,19064659,"READ: The Immortal Life of Henrietta Lacks, by Rebecca Skloot",24-08-2017 00:00
240956323,19064659,"READ: American Gods, by Neil Gaiman",26-07-2017 00:00
240229107,19064659,"READ: Norwegian by Night, by Derek B. Miller",21-06-2017 00:00
239325501,19064659,"READ: Leaving Berlin, by Joseph Kanon",24-05-2017 00:00
237892264,19064659,"READ: The Last Town on Earth: A Novel, by Thomas Mullen",19-04-2017 00:00
237005506,19064659,"READ: Orphan X,  by Evan Smoak.",22-03-2017 00:00
237005159,19064659,"READ:The Guernsey Literary and Potato Peel Society byMary Shaffer, Annie Barrows",22-02-2017 01:00
235984741,19064659,READ The Einstein Prophecy by Robert Masello,18-01-2017 01:00
qfwczlyvqbcb,19064659,"READ Bristol House: A Novel, by Beverly Swerling",02-12-2016 01:00
zjhkxlyvnbhc,19064659,READ: Operation Mincemeat: How a Dead Man and  Bizarre Plan Fooled the Nazis and,26-10-2016 00:00
kjhkxlyvmbbc,19064659,"READ: Mutant Message Down Under, by Marlo Morgan",21-09-2016 00:00
232474967,19064659,"READ American Nations: A History of Eleven Rival Cultures.., by Colin Woodard",26-08-2016 00:00
231955033,19064659,"Read:  Storming Heaven, a Novel By Denise Giardina.",08-07-2016 00:00
231087024,19064659,"Read: The Bookman's Tale, by Charlie Lovett",17-06-2016 00:00
230333582,19064659,"READ ""Let the Great World Spin"" by Colum McCann",13-05-2016 00:00
229654563,19064659,Read: Between Shades of Grey by Ruta Sepetys,13-04-2016 00:00
228795916,19064659,Read: The Good German (novel) by Joseph Kanon,17-03-2016 00:00
228075410,19064659,Thurs. Feb 11. Read: Little Brother by Corey Doctorow,12-02-2016 01:00
227176689,19064659,"Read: Mendelssohn is on the Roof, a novel, by Jiri Weil.",14-01-2016 01:00
226334738,19064659,"Read and Discuss: The World Without Us, by Alan Weisman.",03-12-2015 01:00
243133916,25495782,Let's have coffee and speak Portuguese!,09-09-2017 22:00
243132417,25495782,Let's have coffee and speak Portuguese!,06-09-2017 02:00
242801286,25495782,Let's have coffee and speak Portuguese!,06-09-2017 00:00
dvbxnfyrnbkb,3290412,"""New Moon Monthly Energy Workshop""",02-01-2016 00:30
vphfjnywnbmc,24568502,Learn from film with friends,30-10-2017
vphfjnywnbjc,24568502,Learn from film with friends,27-10-2017
vphfjnywnbdc,24568502,Learn from film with friends,23-10-2017
vphfjnywnbzb,24568502,Learn from film with friends,20-10-2017
vphfjnywnbtb,24568502,Learn from film with friends,16-10-2017
vphfjnywnbqb,24568502,Learn from film with friends,13-10-2017
vphfjnywnblb,24568502,Learn from film with friends,09-10-2017
vphfjnywnbhb,24568502,Learn from film with friends,06-10-2017
vphfjnywnbcb,24568502,Learn from film with friends,02-10-2017
vphfjnywmblc,24568502,Learn from film with friends,29-09-2017
vphfjnywmbgc,24568502,Learn from film with friends,25-09-2017
243615336,24568502,Film Screening: The Day the Earth Stood Still,25-09-2017
vphfjnywmbcc,24568502,Learn from film with friends,22-09-2017
vphfjnywmbwb,24568502,Learn from film with friends,18-09-2017
vphfjnywmbsb,24568502,Learn from film with friends,15-09-2017
vphfjnywmbnb,24568502,Learn from film with friends,11-09-2017
vphfjnywmbkb,24568502,Learn from film with friends,08-09-2017
vphfjnywmbfb,24568502,Learn from film with friends,04-09-2017
vphfjnywlbpc,24568502,Learn from film with friends,01-09-2017
vphfjnywlbkc,24568502,Learn from film with friends,28-08-2017
vphfjnywlbbc,24568502,Learn from film with friends,25-08-2017
vphfjnywlbgc,24568502,Learn from film with friends,25-08-2017
vphfjnywlbwb,24568502,L,18-08-2017
vphfjnywlbrb,24568502,L,14-08-2017
vphfjnywlbnb,24568502,Learn from film with friends,11-08-2017
vphfjnywlbjb,24568502,L,07-08-2017
vphfjnywlbfb,24568502,L,04-08-2017
vphfjnywkbnc,24568502,L,31-07-2017
vphfjnywkbkc,24568502,L,28-07-2017
vphfjnywkbfc,24568502,L,24-07-2017
vphfjnywkbbc,24568502,L,21-07-2017
vphfjnywkbvb,24568502,L,17-07-2017
vphfjnywkbrb,24568502,L,14-07-2017
241751092,24744100,"Make Friends, Learn, Drink Bushwhackers!",17-08-2017 00:30
241208012,24744100,Drink Bushwhackers and Make Friends!,13-07-2017 01:00
228014510,18729267,Lets Meet and talk about how we can all 10X our business in 2016!!,29-01-2016 01:00
226365385,18729267,First 10X Networking MeetUp!!!,05-11-2015 00:00
236092702,21426971,Girl Guitar Happy Hour Meet and Greet,04-01-2017
243734424,26076650,Let's meet and talk about some startup experiences?,25-10-2017
238955552,19852452,Reds @ Cardinals,08-04-2017 18:15
231179334,19852452,Watch the Cardinals take on the Washington Nationals!,27-05-2016 00:00
231179144,19852452,Watch the Nashville Football Club take on the New Orleans Jesters!,20-05-2016 00:00
230454122,19852452,Watch the Redbirds take on the Sounds for Mother's Day.,08-05-2016 19:00
tmzlrnywnbjc,25681644,Game day at Shelby.,26-10-2017 17:00
tmzlrnywnbzb,25681644,Game day at Shelby.,19-10-2017 17:00
tmzlrnywnbhb,25681644,Game day at Shelby.,05-10-2017 17:00
tmzlrnywmblc,25681644,Game day at Shelby.,28-09-2017 17:00
tmzlrnywmbcc,25681644,Game day at Shelby.,21-09-2017 17:00
tmzlrnywmbsb,25681644,Game day at Shelby.,14-09-2017 17:00
tmzlrnywmbkb,25681644,Game day at Shelby.,07-09-2017 17:00
tmzlrnywlbpc,25681644,Thursday Noon Game at Shelby.,31-08-2017 17:00
244214527,25471951,Pokemon Pre-Release,29-10-2017 00:00
243667164,25471951,SFS: Scenario 1-01 - The Commencement,21-10-2017 17:00
243667094,25471951,SFS: Scenario 1-02 - Fugitive on Red Planet,14-10-2017 17:00
243448253,25471951,SFS: Scenario 1-01 - The Commencement,30-09-2017 17:00
242882065,25471951,Magic the Gathering Event,23-09-2017 16:00
243082221,25471951,SFS: Scenario Quests - Into the Unknown - Level 1 Evergreen,16-09-2017 17:00
242906744,25471951,SFS: Character Creation session,09-09-2017 17:00
243081698,25471951,SFS: Scenario Quests - Into the Unknown - Level 1 Evergreen,09-09-2017 17:00
242778380,25471951,PFS: Scenario 7-10 The Consortium Compact Levels 1-2,02-09-2017 17:00
242778503,25471951,PFS: Scenario 6-01 Trial by Machine Levels 1-5,02-09-2017 17:00
242627734,25471951,SFS: Scenario 1-00 Level 4 Pre-Generated Characters,26-08-2017 17:00
242778583,25471951,PFS: Scenario 2-0 The Bloodcove Disguise Levels 1-7,26-08-2017 17:00
242517829,25471951,First session of PathFinder Society,19-08-2017 17:00
243722175,1581956,Oktoberfest in Nashville,07-10-2017 16:00
243721323,1581956,"Informal meeting at the Bavarian Bierhaus this Saturday, German cars on display",30-09-2017 15:00
242650786,1581956,Let's meet!,27-08-2017 21:00
240009979,1581956,Juli Stammtisch bei Bavarian Bierhaus,09-07-2017 21:30
240009640,1581956,Juni Stammtisch,13-06-2017 23:00
238460198,1581956,Einladung zum gratis Vortrag über Heilung auf geistigem Weg,14-05-2017 00:00
237000340,1581956,Februar Stammtisch,11-02-2017 19:00
236626766,1581956,Mal was Neues....,06-01-2017 01:00
236114163,1581956,Deutscher Adventsgottesdienst,18-12-2016 22:00
233624058,1581956,Stammtisch mit Stefan Winkler,29-10-2016 17:00
234995269,1581956,? Deutscher Filmabend ?,28-10-2016 23:30
234772969,1581956,Mal wieder Deutsch sprechen...,14-10-2016 23:00
234617696,1581956,Nashville Oktoberfest,08-10-2016 16:00
kjljslyvmbwb,1581956,Tennessee Volksfest,03-09-2016 15:45
kjljslyvlbbc,1581956,Nashville Stammtisch,20-08-2016 17:00
kjljslyvkbvb,1581956,Nashville Stammtisch,09-07-2016 17:00
kjljslyvjbxb,1581956,Nashville Stammtisch,18-06-2016 17:00
kjljslyvhbcc,1581956,Nashville Stammtisch,21-05-2016 17:00
kjljslyvgbvb,1581956,Nashville Stammtisch,16-04-2016 17:00
229177952,1581956,FUSSBALL - BRD vs ENG (Frauen),06-03-2016 20:00
228429612,1581956,Stammtisch im Februar,20-02-2016 18:00
228428778,1581956,mal schön Essen...,12-02-2016 02:00
227922603,1581956,January Meetup,16-01-2016 18:00
227257345,1581956,Deutscher Adventsgottesdienst,20-12-2015 21:00
233198532,20216630,Connecting with our Roots: From ATL to Africa,15-04-2017 05:00
234584965,20216630,Southeast Young Professionals Investment Club : Q3 New Member Invitation,13-10-2016 00:00
232854973,20216630,Connecting with Konexus: A Thursday to Remember,25-08-2016 21:30
240506638,24249720,The Bridge 1st Annual Bazaar,12-08-2017 19:00
241914805,24249720,Lets meet for lunch,29-07-2017 18:00
240987879,24249720,Teams In Business Lunch,08-07-2017 18:00
236972080,20197351,Walk and Talk,19-01-2017 23:15
235177396,20197351,Walk and Talk,01-11-2016 23:00
234129183,20197351,Join us for HoneyCo Homes' Launch!,13-10-2016 23:00
233720090,20197351,Cocktails and Conversation,07-09-2016 22:00
244125661,18677333,Enneagram Questions and Answers,24-10-2017 23:00
242419395,18677333,Enneagram Personality Type Q &A,30-08-2017 23:00
239985167,18677333,Personal Enneagram Stories,24-05-2017 23:00
237142961,18677333,Discover your Tritype: Guest Speaker David Fauvre,23-02-2017 00:00
235225121,18677333,Members tell their stories,17-11-2016 00:00
231777943,18677333,Group members tell their stories,27-07-2016 23:00
229617725,18677333,Come learn about the Enneagram,11-05-2016 23:00
234921718,20327673,Don't be scared of the Cloud with Magic Cloud (SD-WAN),26-10-2016 22:15
233440001,20327673,The Power of a Magic Cloud (SD-WAN),20-09-2016 22:15
mkdglmywnbkc,20182158,Paper Pumpkin Night,27-10-2017 23:00
mkdglmywmbdc,20182158,Fall Card Making (Paper Pumpkin) Night,22-09-2017 23:00
mkdglmywlbhc,20182158,Paper Pumpkin Night,25-08-2017 23:00
mkdglmywkblc,20182158,Paper Pumpkin Night,28-07-2017 23:00
mkdglmywjbfc,20182158,Paper Pumpkin Night,23-06-2017 23:00
mkdglmywhbjc,20182158,Paper Pumpkin Night,26-05-2017 23:00
mkdglmywgblc,20182158,Paper Pumpkin Night,28-04-2017 23:00
238403264,20182158,Oh Happy Day Kit Card Class,01-04-2017 19:00
mkdglmywfbgc,20182158,Paper Pumpkin Night,24-03-2017 23:00
mkdglmywdbgc,20182158,Paper Pumpkin Night,25-02-2017 00:00
mkdglmywcbkc,20182158,Paper Pumpkin Night,28-01-2017 00:00
235545958,20182158,Holiday Stamp Camp,04-12-2016 00:00
234934546,20182158,Stamp 'N Spa,12-11-2016 20:00
234234372,20182158,Fall/Holiday Kit Class,15-10-2016 19:00
233515015,20182158,Stamp 'N Spa,10-09-2016 19:00
232607336,20182158,Stampin' Up! Open House and Catalog Party,20-08-2016 18:00
242993887,12518342,New Monthly Meeting,24-09-2017 18:00
swhxglywcbrb,12518342,Monthly Meeting!!!,13-01-2017 19:30
swhxglyvqbmb,12518342,Monthly Meeting!!!,09-12-2016 19:30
swhxglyvpbpb,12518342,Monthly Meeting!!!,11-11-2016 19:30
swhxglyvnbsb,12518342,Monthly Meeting!!!,14-10-2016 18:30
swhxglyvmbmb,12518342,Monthly Meeting!!!,09-09-2016 18:30
swhxglyvlbqb,12518342,Monthly Meeting!!!,12-08-2016 18:30
swhxglyvkblb,12518342,Monthly Meeting!!!,08-07-2016 18:30
swhxglyvjbnb,12518342,Monthly Meeting!!!,24-06-2016 18:30
swhxglyvhbrb,12518342,Monthly Meeting!!!,27-05-2016 18:30
230750115,12518342,Home School Skate,13-05-2016 18:00
swhxglyvgblb,12518342,Monthly Meeting!!!,29-04-2016 18:30
swhxglyvfbpb,12518342,Monthly Meeting!!!,11-03-2016 19:30
swhxglyvdbqb,12518342,Monthly Meeting!!!,12-02-2016 19:30
swhxglyvcblb,12518342,Monthly Meeting!!!,22-01-2016 19:30
swhxglytqbpb,12518342,Monthly Meeting!!!,11-12-2015 19:30
swhxglytpbrb,12518342,Monthly Meeting!!!,20-11-2015 19:30
243467996,19011737,bead and make jewelry,07-10-2017 18:00
242561990,19011737,bead and make jewelry,09-09-2017 18:00
241752614,19011737,bead and make jewelry,05-08-2017 18:00
240786086,19011737,Bead and make jewelry.,08-07-2017 18:00
240144235,19011737,bead and make jewelry,03-06-2017 18:00
239340438,19011737,Bead and make jewelry.,06-05-2017 18:00
238447943,19011737,Bead and make jewelry.,08-04-2017 18:00
237634831,19011737,bead and make jewelry,04-03-2017 19:00
237056367,19011737,Bead and make jewelry.,04-02-2017 19:00
236464476,19011737,bead and make jewelry,14-01-2017 19:00
235587168,19011737,Bead and make jewelry.,03-12-2016 19:00
234929012,19011737,Bead and make jewelry,05-11-2016 18:00
234025967,19011737,bead and make jewelry,01-10-2016 18:00
232525324,19011737,bead and make jewelry,06-08-2016 18:00
231731234,19011737,Bead and make jewelry,09-07-2016 18:00
231054625,19011737,Bead and Make Jewelry,04-06-2016 18:00
230069719,19011737,Bead and Make Jewelry,07-05-2016 18:00
229317523,19011737,Bead and Make Jewelry,02-04-2016 18:00
227950714,19011737,Bead and make jewelry.,05-03-2016 19:00
228578921,19011737,Bead and make jewelry.,05-03-2016 19:00
227745513,19011737,Bead and make jewelry.,06-02-2016 19:00
227135937,19011737,Bead and make jewelry.,23-01-2016 19:00
226495460,19011737,Bead and make jewelry.,05-12-2015 19:00
225953487,19011737,"Let's meet up and bead, design jewelry and bead.",07-11-2015 19:00
244208011,26264825,October Feature:  Amazing Ways to Take Care of Yourself,25-10-2017 23:00
240030451,16773582,"Basics of PRICE Action & intro to ""Nix2B"" Strategy",17-05-2017 23:30
238924160,16773582,Understanding Basics of PRICE ACTION Trading ... by Nick,14-04-2017 00:00
bcfrcnywkbcc,20209131,Sophos XG Open Demo,21-07-2017 19:00
fbfrcnywkbcc,20209131,Open Demo Sophos Central / Intercept X,21-07-2017 18:00
bcfrcnywjbvb,20209131,Sophos XG Open Demo,16-06-2017 19:00
fbfrcnywjbvb,20209131,Open Demo Sophos Central / Intercept X,16-06-2017 18:00
240212860,20209131,Sophos Demo Ready Training,07-06-2017 14:00
240212831,20209131,Sophos Central Training and Certification,06-06-2017 14:00
238831625,20209131,Sophos XG Open Demo (Customers),05-04-2017 15:00
238149353,20209131,Sophos Central Open Demo (Customers),05-04-2017 14:00
238149273,20209131,Technical Sales 101 with Ken,30-03-2017 18:00
238085077,20209131,XG Architect Training,22-03-2017 12:00
238431968,20209131,Free Sophos Engineer Training,21-03-2017 13:30
238085129,20209131,SMC Architect training,06-03-2017 13:00
237929796,20209131,Firewall News You Can Use (Time is ET),02-03-2017 20:30
237929670,20209131,Firewall News You Can Use (Time is ET),02-03-2017 16:30
232973003,20209131,All Sophos partners without Sophos Central certification,19-09-2016 14:30
234110198,19922637,Unleash the Power of Your Value,18-10-2016 23:30
107248742,4515232,Real Secrets to Money Meeting,30-07-2016 15:00
242711392,20338101,iOS and Android Cross Platform Development ,28-10-2017 19:00
233848593,20338101,Meet & Greet,29-10-2016 19:30
lzqgtnywmbnc,25587693,Monthly Meeting: Speak Your Peace!,07-10-2017 19:00
lzqgtnywnbkb,25587693,Monthly Meeting: Speak Your Peace!,07-10-2017 19:00
lzqgtnywmbfc,25587693,Weekly Vegan Fellowship/Support: Speak Your Peace!,23-09-2017 19:00
xhzgrnywmbvb,25587693,Weekly Vegan Fellowship/Support: Speak Your Peace!,16-09-2017 19:00
xhzgrnywmbmb,25587693,Weekly Vegan Fellowship/Support: Speak Your Peace!,09-09-2017 19:00
xhzgrnywmbdb,25587693,Weekly Vegan Fellowship/Support: Speak Your Peace!,02-09-2017 19:00
jslvqnywlbjc,25587693,Weekly Peace-Fest,26-08-2017 19:00
243311249,21192621,Relationship Marketing Lunch and Learn,22-09-2017 16:30
236450698,21192621,"New Year, New Opportunities ",07-01-2017 18:00
243920651,25076888,Workflows & QA,17-10-2017 23:00
242595651,25076888,Browser Compatibility Testing,19-09-2017 23:00
242160986,25076888,Automation 101 - Jon Robinson,03-08-2017 23:00
242355480,25339863,First Beta Health Blockchain dApp in Nashville,17-08-2017 23:00
243483432,22771879,Bananagrams and Coffee,14-10-2017 18:00
241752160,22771879,BANANAGRAMS and Coffee!,16-09-2017 18:00
241752152,22771879,BANANAGRAMS and Coffee!,19-08-2017 18:00
241052272,22771879,BANANAGRAMS and Coffee!,15-07-2017 18:00
240172455,22771879,Bananagram Play!,24-06-2017 18:00
239958894,22771879,Saturday Bananagrams!,20-05-2017 18:00
238521182,22771879,BANANAGRAMS!!,15-04-2017 18:00
238245259,22771879,Game Day,18-03-2017 18:00
xgtgpnywnbjc,22222969,SUPREME COURT TO RULE ON GERRYMANDERING; Act Now,27-10-2017
xgtgpnywnbzb,22222969,SUPREME COURT TO RULE ON GERRYMANDERING; Act Now,20-10-2017
xgtgpnywnbqb,22222969,SUPREME COURT TO RULE ON GERRYMANDERING; Act Now,13-10-2017
xgtgpnywnbhb,22222969,SUPREME COURT TO RULE ON GERRYMANDERING; Act Now,06-10-2017
xgtgpnywmblc,22222969,SUPREME COURT TO RULE ON GERRYMANDERING; Act Now,29-09-2017
xgtgpnywmbcc,22222969,SUPREME COURT TO RULE ON GERRYMANDERING; Act Now,22-09-2017
xgtgpnywmbsb,22222969,SUPREME COURT TO RULE ON GERRYMANDERING; Act Now,15-09-2017
xgtgpnywmbkb,22222969,SUPREME COURT TO RULE ON GERRYMANDERING; Act Now,08-09-2017
xgtgpnywlbpc,22222969,SUPREME COURT TO RULE ON GERRYMANDERING; Act Now,01-09-2017
xgtgpnywlbgc,22222969,SUPREME COURT TO RULE ON GERRYMANDERING; Act Now,25-08-2017
xgtgpnywlbwb,22222969,SUPREME COURT TO RULE ON GERRYMANDERING; Act Now,18-08-2017
xgtgpnywlbnb,22222969,SUPREME COURT TO RULE ON GERRYMANDERING; Act Now,11-08-2017
243892534,25681787,Free Dog Energy/Shamanic Blessing/Wellness and Healing,22-10-2017 13:00
243255320,25681787,FYI: Diwali Fireworks At Sri Ganesha Temple,20-10-2017 23:00
243255628,25681787,"FYI: Celebrate Nashville Cultural Festival Saturday, October 7, 2017",07-10-2017 15:00
243031589,25681787,FYI Ghost Tour at Andrew Jackson's Hermitage,05-10-2017 00:00
243235963,25681787,Free Dog Energy/Shamanic Blessing/Wellness and Healing,24-09-2017 12:00
242905462,25681787,Course: Meditation for All. Simple Easy Techniques West Nashville),15-09-2017 00:00
238412139,22881778,Kundalini Yoga ,22-04-2017 16:00
238692443,22999903,Looking for fun and entertaining people to get the party started!!,13-04-2017
241095453,14557662,Tech Breakfast,27-06-2017 12:00
240384926,14557662,Tech Breakfast,13-06-2017 12:00
240384922,14557662,Tech Breakfast,06-06-2017 12:00
240384917,14557662,Tech Breakfast,30-05-2017 12:00
240069612,14557662,Tech Breakfast,23-05-2017 12:00
237314524,14557662,Nashville VMUG - Tintri Storage,24-02-2017 00:00
wfwbvlyvqbdc,14557662,Hard Knocks Social Happy Hour,22-12-2016 23:00
wfwbvlyvmbdc,14557662,Hard Knocks Social Happy Hour,22-09-2016 22:00
wfwbvlyvkblc,14557662,Hard Knocks Social Happy Hour,28-07-2016 21:00
wfwbvlyvjbfc,14557662,King's Bowl Social Happy Hour,23-06-2016 21:00
227269574,14557662,"Join your Tintri friends for a fun, casual holiday party!",17-12-2015 22:30
242271121,21761849,Are You Coming Tomorrow Night?,05-08-2017 00:00
hkqkbnywlbdb,21761849,"Summer Series Launch: "" How to Enjoy God in the Everyday: A Toolkit.""",03-08-2017 00:00
hkqkbnywkbjc,21761849,"Summer Series Launch: "" How to Enjoy God in the Everyday: A Toolkit.""",27-07-2017 00:00
hkqkbnywkbzb,21761849,"Summer Series Launch: "" How to Enjoy God in the Everyday: A Toolkit.""",20-07-2017 00:00
hkqkbnywkbqb,21761849,"Summer Series Launch: "" How to Enjoy God in the Everyday: A Toolkit.""",13-07-2017 00:00
hkqkbnywkbhb,21761849,"Summer Series Launch: "" How to Enjoy God in the Everyday: A Toolkit.""",06-07-2017 00:00
hkqkbnywjblc,21761849,"Summer Series Launch: "" How to Enjoy God in the Everyday: A Toolkit.""",29-06-2017 00:00
hkqkbnywjbcc,21761849,"Summer Series Launch: "" How to Enjoy God in the Everyday: A Toolkit.""",22-06-2017 00:00
hkqkbnywjbsb,21761849,"Summer Series Launch: "" How to Enjoy God in the Everyday: A Toolkit.""",15-06-2017 00:00
hkqkbnywjbkb,21761849,"Summer Series Launch: "" How to Enjoy God in the Everyday: A Toolkit.""",08-06-2017 00:00
hkqkbnywhbpc,21761849,"Summer Series Launch: "" How to Enjoy God in the Everyday: A Toolkit.""",01-06-2017 00:00
hkqkbnywhbgc,21761849,"Summer Series Launch: "" How to Enjoy God in the Everyday: A Toolkit.""",25-05-2017 00:00
hkqkbnywhbwb,21761849,"Summer Series Launch: "" How to Enjoy God in the Everyday: A Toolkit.""",18-05-2017 00:00
hkqkbnywhbnb,21761849,"Summer Series Launch: "" How to Enjoy God in the Everyday: A Toolkit.""",11-05-2017 00:00
239703434,21761849,A Friday Night Rally! Connect. Pray. Praise.,05-05-2017 23:45
238680673,21761849,Vision Night,01-04-2017 00:00
237688402,21761849,Game-Night/Hang Out,18-02-2017 01:00
236655097,21761849,Vision Party,14-01-2017 00:30
244505632,24925734,Wildhorse Saloon Halloween Honkytonk!,29-10-2017 01:30
243824294,24925734,Line Dancing at the Wildhorse Saloon!,08-10-2017 01:30
242552637,24925734,Line Dancing at the Wildhorse Saloon!,01-10-2017 01:30
243318151,24925734,Dog Day Festival,16-09-2017 15:00
